DATE,UNRATE(%),CONSUMER CONF INDEX,PPI-CONST MAT.,CPIALLITEMS,INFLATION(%),MORTGAGE INT. MONTHLY AVG(%),MED HOUSEHOLD INCOME,CORP. BOND YIELD(%),MONTHLY HOME SUPPLY,% SHARE OF WORKING POPULATION,GDP PER CAPITA,QUARTERLY REAL GDP,QUARTERLY GDP GROWTH RATE (%),CSUSHPISA
1/5/2002,5.8,108.5,143.8,75.8595375,1.181767015,6.806,42409,6.75,4,66.59359495,37860,13477.356,0.615502456,120.724
1/6/2002,5.8,110.3,144.3,75.90172857,1.067415727,6.65,42409,6.63,4.2,66.59359495,37860,13477.356,0.615502456,121.813
1/7/2002,5.8,106.3,144.7,75.9861107,1.464788735,6.485,42409,6.53,4.2,66.59359495,38099,13531.741,0.403528704,122.889
1/8/2002,5.7,97.4,145.1,76.2392571,1.802816906,6.29,42409,6.37,4,66.59359495,38099,13531.741,0.403528704,123.831
1/9/2002,5.7,94.5,145.4,76.3658303,1.514301746,6.0925,42409,6.15,3.9,66.59359495,38099,13531.741,0.403528704,124.78
1/10/2002,5.7,93.7,145,76.4924035,2.025886322,6.1125,42409,6.32,4,66.59359495,38274,13549.421,0.130655767,125.734
1/11/2002,5.9,79.6,144.6,76.4924035,2.198421643,6.068,42409,6.31,4,66.59359495,38274,13549.421,0.130655767,126.669
1/12/2002,6,84.9,144.3,76.32363923,2.376910015,6.0475,42409,6.21,4,66.59359495,38274,13549.421,0.130655767,127.622
1/1/2003,5.8,80.7,144.4,76.66116776,2.597402587,5.916,43318,6.17,4,66.73921392,38584,13619.434,0.516723187,128.461
1/2/2003,5.9,78.8,145.2,77.25184269,2.980877387,5.8425,43318,5.95,4.5,66.73921392,38584,13619.434,0.516723187,129.356
1/3/2003,5.9,64.8,145.2,77.71594443,3.020134229,5.745,43318,5.89,4.1,66.73921392,38584,13619.434,0.516723187,130.148
1/4/2003,6,61.4,145.9,77.54718016,2.224694107,5.8125,43318,5.74,4.1,66.73921392,38976,13741.107,0.893377801,130.884
1/5/2003,6.1,81,145.8,77.42060696,2.057842048,5.484,43318,5.22,3.9,66.73921392,38976,13741.107,0.893377801,131.735
1/6/2003,6.3,83.6,146.1,77.50498909,2.112284595,5.23,43318,4.97,3.5,66.73921392,38976,13741.107,0.893377801,132.649
1/7/2003,6.2,83.5,147,77.58937123,2.109938929,5.6325,43318,5.49,3.6,66.73921392,39752,13970.157,1.66689627,133.777
1/8/2003,6.1,77,147.2,77.88470869,2.158273379,6.264,43318,5.88,3.5,66.73921392,39752,13970.157,1.66689627,134.968
1/9/2003,6.1,81.7,149,78.13785509,2.320441987,6.1475,43318,5.72,3.8,66.73921392,39752,13970.157,1.66689627,136.294
1/10/2003,6,77,149.6,78.05347296,2.040816328,5.952,43318,5.7,3.8,66.73921392,40362,14131.379,1.154045728,137.533
1/11/2003,5.8,81.7,150.2,77.84251763,1.765030341,5.9325,43318,5.65,4.1,66.73921392,40362,14131.379,1.154045728,138.795
1/12/2003,5.7,92.5,149.7,77.75813549,1.879491432,5.876,43318,5.62,4,66.73921392,40362,14131.379,1.154045728,140.18
1/1/2004,5.7,94.8,150,78.13785509,1.926252069,5.7125,44334,5.54,3.8,66.92166376,40801,14212.34,0.572916486,141.647
1/2/2004,5.6,97.7,153.4,78.55976576,1.693063912,5.635,44334,5.5,3.7,66.92166376,40801,14212.34,0.572916486,143.193
1/3/2004,5.8,88.5,156.5,79.06605855,1.737242119,5.445,44334,5.33,3.6,66.92166376,40801,14212.34,0.572916486,145.059
1/4/2004,5.6,88.5,160.1,79.31920495,2.28509249,5.83,44334,5.73,4,66.92166376,41358,14323.017,0.778738758,146.593
1/5/2004,5.6,93,162.7,79.78330668,3.051771115,6.27,44334,6.04,3.8,66.92166376,41358,14323.017,0.778738758,148.185
1/6/2004,5.6,93.1,162,80.03645308,3.266194886,6.2875,44334,6.01,3.9,66.92166376,41358,14323.017,0.778738758,149.85
1/7/2004,5.5,102.8,162.2,79.90987988,2.990755838,6.056,44334,5.82,4.5,66.92166376,41911,14457.832,0.941247225,151.338
1/8/2004,5.4,105.7,165.9,79.95207095,2.65438787,5.8675,44334,5.65,4.3,66.92166376,41911,14457.832,0.941247225,152.633
1/9/2004,5.4,98.7,167.2,80.12083521,2.537796971,5.754,44334,5.46,4.1,66.92166376,41911,14457.832,0.941247225,154.179
1/10/2004,5.5,96.7,165.9,80.54274588,3.189189187,5.7225,44334,5.47,3.9,66.92166376,42561,14605.595,1.022027369,155.75
1/11/2004,5.4,92.9,165.5,80.58493695,3.52303523,5.73,44334,5.52,4.3,66.92166376,42561,14605.595,1.022027369,157.527
1/12/2004,5.4,92.6,166.3,80.28959948,3.255561587,5.752,44334,5.47,4.1,66.92166376,42561,14605.595,1.022027369,159.329
1/1/2005,5.3,102.7,168.6,80.45836375,2.969762425,5.71,46326,5.36,4.4,67.11898948,43285,14767.846,1.110882508,161.288
1/2/2005,5.4,105.1,170.4,80.92246548,3.007518794,5.6275,46326,5.2,4.3,67.11898948,43285,14767.846,1.110882508,163.343
1/3/2005,5.2,104.4,170,81.55533147,3.148345783,5.928,46326,5.4,4.1,67.11898948,43285,14767.846,1.110882508,165.812
1/4/2005,5.2,103,170,82.10381534,3.510638302,5.855,46326,5.33,4.3,67.11898948,43718,14839.707,0.486604478,167.501
1/5/2005,5.1,97.5,168.1,82.01943321,2.802749877,5.72,46326,5.15,4.2,67.11898948,43718,14839.707,0.486604478,169.35
1/6/2005,5,103.1,167.8,82.06162427,2.530311017,5.582,46326,4.96,4.3,67.11898948,43718,14839.707,0.486604478,171.19
1/7/2005,5,106.2,167.2,82.44134387,3.16789863,5.695,46326,5.06,4.2,67.11898948,44350,14956.291,0.78562198,172.86
1/8/2005,4.9,103.6,165.9,82.86325453,3.641160942,5.82,46326,5.09,4.5,67.11898948,44350,14956.291,0.78562198,174.442
1/9/2005,5,105.5,168.9,83.87584013,4.686677205,5.774,46326,5.13,4.7,67.11898948,44350,14956.291,0.78562198,176.438
1/10/2005,5,87.5,171.6,84.0446044,4.347826091,6.065,46326,5.35,4.5,67.11898948,44850,15041.232,0.567928238,178.028
1/11/2005,5,85.2,172.7,83.36954733,3.455497374,6.33,46326,5.42,5,67.11898948,44850,15041.232,0.567928238,179.681
1/12/2005,4.9,98.3,173.5,83.0320188,3.415659485,6.272,46326,5.37,4.9,67.11898948,44850,15041.232,0.567928238,180.91
1/1/2006,4.7,103.8,177.2,83.6648848,3.985317251,6.145,48201,5.29,5.3,67.26293826,45675,15244.088,1.34866612,182.32
1/2/2006,4.8,106.8,177.7,83.83364906,3.597497386,6.2525,48201,5.35,6.1,67.26293826,45675,15244.088,1.34866612,183.287
1/3/2006,4.7,102.7,178.3,84.29775079,3.362648733,6.324,48201,5.53,5.9,67.26293826,45675,15244.088,1.34866612,184.364
1/4/2006,4.7,107.5,179,85.01499892,3.545734833,6.5075,48201,5.84,6.3,67.26293826,46089,15281.525,0.245583731,184.329
1/5/2006,4.6,109.8,179.9,85.43690959,4.166666662,6.5975,48201,5.95,6.2,67.26293826,46089,15281.525,0.245583731,184.156
1/6/2006,4.6,104.7,180.7,85.60567385,4.318766063,6.682,48201,5.89,6.3,67.26293826,46089,15281.525,0.245583731,183.507
1/7/2006,4.7,105.4,182.3,85.85882025,4.145342882,6.7625,48201,5.85,7.3,67.26293826,46361,15304.517,0.150456188,183.068
1/8/2006,4.7,107,182.6,86.02758452,3.818737277,6.524,48201,5.68,6.7,67.26293826,46361,15304.517,0.150456188,182.594
1/9/2006,4.5,100.2,183.3,85.60567385,2.062374239,6.4025,48201,5.51,6.7,67.26293826,46361,15304.517,0.150456188,182.799
1/10/2006,4.4,105.9,182.3,85.14157212,1.305220874,6.3575,48201,5.51,7.3,67.26293826,46807,15433.643,0.843711696,183.2
1/11/2006,4.5,105.1,179.8,85.01499892,1.973684208,6.24,48201,5.33,6.6,67.26293826,46807,15433.643,0.843711696,183.61
1/12/2006,4.4,105.3,179.8,85.14157212,2.540650403,6.135,48201,5.32,6.5,67.26293826,46807,15433.643,0.843711696,184.14
1/1/2007,4.6,110,181.1,85.40146909,2.075642958,6.2175,50233,5.4,7.2,67.29843266,47289,15478.956,0.293598861,184.518
1/2/2007,4.5,110.2,181.5,85.85839834,2.415198793,6.285,50233,5.39,7.9,67.29843266,47289,15478.956,0.293598861,184.599
1/3/2007,4.4,111.2,182.5,86.6401988,2.778778779,6.156,50233,5.3,7.9,67.29843266,47289,15478.956,0.293598861,184.15
1/4/2007,4.5,108.2,183.7,87.20302763,2.573697274,6.18,50233,5.47,7.4,67.29843266,47802,15577.779,0.63843453,183.011
1/5/2007,4.4,106.3,184,87.7359008,2.690864196,6.262,50233,5.47,7.8,67.29843266,47802,15577.779,0.63843453,181.602
1/6/2007,4.6,108.5,184,87.9059308,2.687037957,6.6575,50233,5.79,8.2,67.29843266,47802,15577.779,0.63843453,180.254
1/7/2007,4.7,105.3,184.2,87.88356953,2.358230959,6.695,50233,5.73,8.3,67.29843266,48216,15671.605,0.602306657,179.111
1/8/2007,4.6,111.9,183.9,87.72239966,1.970083374,6.572,50233,5.79,9.2,67.29843266,48216,15671.605,0.602306657,178.117
1/9/2007,4.7,105.6,183.4,87.96415447,2.755051755,6.3825,50233,5.74,9.2,67.29843266,48216,15671.605,0.602306657,177.558
1/10/2007,4.7,99.5,183,88.15232663,3.536174439,6.375,50233,5.66,8.5,67.29843266,48592,15767.146,0.609644003,176.624
1/11/2007,4.7,95.2,183.3,88.67591776,4.306203478,6.208,50233,5.44,9.4,67.29843266,48592,15767.146,0.609644003,175.147
1/12/2007,5,87.8,183.5,88.61642836,4.08126859,6.095,50233,5.49,9.6,67.29843266,48592,15767.146,0.609644003,174.342
1/1/2008,5,90.6,184.3,89.05690309,4.28029405,5.758,50303,5.33,9.3,67.21901249,48457,15702.906,-0.407429474,173.133
1/2/2008,4.9,75,185.7,89.31553433,4.026555418,5.9175,50303,5.53,9.7,67.21901249,48457,15702.906,-0.407429474,171.542
1/3/2008,5.1,64.5,187.8,90.0897404,3.981456238,5.97,50303,5.51,10.5,67.21901249,48457,15702.906,-0.407429474,170.054
1/4/2008,5,62.3,190.9,90.63611471,3.936889777,5.9175,50303,5.55,10.3,67.21901249,48875,15792.773,0.572295345,168.338
1/5/2008,5.4,52.7,195.8,91.3993511,4.175543041,6.036,50303,5.57,10.7,67.21901249,48875,15792.773,0.572295345,166.659
1/6/2008,5.6,50.4,200.4,92.32038208,5.021790043,6.32,50303,5.68,10.7,67.21901249,48875,15792.773,0.572295345,165.018
1/7/2008,5.8,51.9,203.4,92.80515744,5.600122908,6.426,50303,5.67,10.5,67.21901249,48865,15709.562,-0.526892902,163.568
1/8/2008,6.1,56.9,206.5,92.43471987,5.371855111,6.4775,50303,5.64,11.3,67.21901249,48865,15709.562,-0.526892902,161.99
1/9/2008,6.1,59.8,206.3,92.30688094,4.936927429,6.0375,50303,5.65,10.9,67.21901249,48865,15709.562,-0.526892902,160.309
1/10/2008,6.5,38,201.8,91.37445837,3.65518627,6.2,50303,6.28,11.6,67.21901249,47799,15366.607,-2.183097148,158.328
1/11/2008,6.8,44.9,199.6,89.62437294,1.069574698,6.0875,50303,6.12,11.4,67.21901249,47799,15366.607,-2.183097148,156.143
1/12/2008,7.3,38,194.8,88.69743521,0.091412903,5.286,50303,5.05,11.2,67.21901249,47799,15366.607,-2.183097148,153.618
1/1/2009,7.8,37.7,193.3,89.08348346,0.029846502,5.0475,49777,5.05,12.2,67.1707618,47123,15187.475,-1.165722531,151.505
1/2/2009,8.3,25,191.2,89.52648966,0.236191085,5.13,49777,5.27,10.5,67.1707618,47123,15187.475,-1.165722531,150.013
1/3/2009,8.7,26,190.2,89.74419556,-0.383556261,5.0025,49777,5.5,11,67.1707618,47123,15187.475,-1.165722531,148.66
1/4/2009,9,39.2,188.1,89.96823013,-0.736885713,4.81,49777,5.39,10.7,67.1707618,46865,15161.772,-0.169238139,147.949
1/5/2009,9.4,54.9,186.9,90.2281271,-1.281435793,4.8575,49777,5.54,9.3,67.1707618,46865,15161.772,-0.169238139,147.695
1/6/2009,9.5,49.3,187.1,91.00317699,-1.426776038,5.42,49777,5.61,8.5,67.1707618,46865,15161.772,-0.169238139,148.09
1/7/2009,9.5,46.6,187.6,90.85888354,-2.097161358,5.222,49777,5.41,7.9,67.1707618,46977,15216.647,0.361929991,148.411
1/8/2009,9.6,54.1,188.1,91.06266639,-1.48434861,5.1925,49777,5.26,7.5,67.1707618,46977,15216.647,0.361929991,148.277
1/9/2009,9.8,53.1,189.3,91.11962433,-1.286205966,5.0575,49777,5.13,7.8,67.1707618,46977,15216.647,0.361929991,148.025
1/10/2009,10,47.7,189.7,91.20738175,-0.182848274,4.952,49777,5.15,7.4,67.1707618,47525,15379.155,1.06796195,147.849
1/11/2009,9.9,49.5,189.2,91.27193408,1.838295863,4.875,49777,5.19,7.6,67.1707618,47525,15379.155,1.06796195,148.133
1/12/2009,9.9,52.9,189.4,91.11118612,2.721331123,4.93,49777,5.26,8,67.1707618,47525,15379.155,1.06796195,147.928
1/1/2010,9.8,55.9,190.3,91.42255619,2.625708649,5.03,49276,5.26,8.1,67.12843528,47797,15456.059,0.500053481,147.395
1/2/2010,9.8,46,192.2,91.44533936,2.143331775,4.99,49276,5.35,8.3,67.12843528,47797,15456.059,0.500053481,145.632
1/3/2010,9.9,52.5,193.7,91.82083986,2.313959457,4.9675,49276,5.27,7.1,67.12843528,47797,15456.059,0.500053481,145.86
1/4/2010,9.9,57.9,196.5,91.98032209,2.236447196,5.098,49276,5.29,6.2,67.12843528,48403,15605.628,0.967704639,146.402
1/5/2010,9.6,63.3,198.9,92.05162499,2.020986081,4.8875,49276,4.96,9.3,67.12843528,48403,15605.628,0.967704639,146.393
1/6/2010,9.4,52.9,197.2,91.96175802,1.053348973,4.7375,49276,4.88,8.3,67.12843528,48403,15605.628,0.967704639,145.719
1/7/2010,9.4,50.4,195.6,91.98116591,1.235192781,4.564,49276,4.72,8.9,67.12843528,48821,15726.282,0.77314415,144.988
1/8/2010,9.5,53.5,194.1,92.10816102,1.148104565,4.4275,49276,4.49,8.8,67.12843528,48821,15726.282,0.77314415,143.911
1/9/2010,9.5,48.5,193.9,92.16174367,1.143682656,4.346,49276,4.53,7.6,67.12843528,48821,15726.282,0.77314415,143.014
1/10/2010,9.4,50.2,193.8,92.27650337,1.172187601,4.225,49276,4.68,8.2,67.12843528,49256,15807.995,0.519595159,142.528
1/11/2010,9.8,54.1,193.6,92.31531915,1.143160908,4.3,49276,4.87,8.2,67.12843528,49256,15807.995,0.519595159,142.172
1/12/2010,9.3,52.5,194.2,92.47395756,1.49572352,4.714,49276,5.02,7,67.12843528,49256,15807.995,0.519595159,142.063
1/1/2011,9.1,60.6,195.9,92.9144323,1.631846857,4.755,50054,5.04,7.3,67.09465577,49302,15769.911,-0.240916068,141.526
1/2/2011,9,70.4,198.1,93.37262728,2.107584633,4.9525,50054,5.22,8.1,67.09465577,49302,15769.911,-0.240916068,140.355
1/3/2011,9,63.4,199.7,94.28311049,2.681603255,4.836,50054,5.13,7.2,67.09465577,49302,15769.911,-0.240916068,139.987
1/4/2011,9.1,65.4,201.1,94.89023994,3.163630855,4.84,50054,5.16,6.7,67.09465577,49873,15876.839,0.678050751,140.011
1/5/2011,9,60.8,201.6,95.33662142,3.568645779,4.6375,50054,4.96,6.6,67.09465577,49873,15876.839,0.678050751,139.904
1/6/2011,9.1,58.5,201.9,95.23451904,3.558828246,4.51,50054,4.99,6.6,67.09465577,49873,15876.839,0.678050751,139.86
1/7/2011,9,59.5,202.6,95.31890118,3.628715984,4.545,50054,4.93,6.7,67.09465577,50056,15870.684,-0.038767163,139.729
1/8/2011,9,44.5,202.8,95.58175152,3.771208177,4.27,50054,4.37,6.5,67.09465577,50056,15870.684,-0.038767163,139.307
1/9/2011,9,45.4,202.7,95.72688879,3.868356845,4.106,50054,4.09,6.3,67.09465577,50056,15870.684,-0.038767163,138.668
1/10/2011,8.8,39.8,202.7,95.5294346,3.525199928,4.0675,50054,3.98,6,67.09465577,50573,16048.702,1.121678183,137.953
1/11/2011,8.6,56,202.2,95.44884966,3.394377595,3.9925,50054,3.87,5.7,67.09465577,50573,16048.702,1.121678183,137.155
1/12/2011,8.5,64.5,202.2,95.21342351,2.96241885,3.958,50054,3.93,5.3,67.09465577,50573,16048.702,1.121678183,136.676
1/1/2012,8.3,61.1,203.9,95.6323808,2.92521671,3.915,51017,3.85,5.3,66.78334217,51205,16179.968,0.817922845,136.609
1/2/2012,8.3,70.8,205.1,96.05344764,2.871098777,3.89,51017,3.85,4.8,66.78334217,51205,16179.968,0.817922845,136.534
1/3/2012,8.2,70.2,205.7,96.78293118,2.651398195,3.954,51017,3.99,4.9,66.78334217,51205,16179.968,0.817922845,137.906
1/4/2012,8.2,69.2,206.3,97.07531527,2.302739809,3.91,51017,3.96,4.9,66.78334217,51554,16253.726,0.455859987,139.157
1/5/2012,8.2,64.9,206.5,96.96139939,1.704253776,3.798,51017,3.8,4.7,66.78334217,51554,16253.726,0.455859987,140.157
1/6/2012,8.2,62,206.6,96.8192155,1.663993766,3.675,51017,3.64,4.8,66.78334217,51554,16253.726,0.455859987,141.03
1/7/2012,8.2,65.9,206.2,96.66142091,1.408450699,3.55,51017,3.4,4.6,66.78334217,51803,16282.151,0.174882978,141.668
1/8/2012,8.1,60.6,205.5,97.19935701,1.692378999,3.602,51017,3.48,4.6,66.78334217,51803,16282.151,0.174882978,142.279
1/9/2012,7.8,70.3,206.6,97.63308117,1.991282078,3.4975,51017,3.49,4.5,66.78334217,51803,16282.151,0.174882978,142.909
1/10/2012,7.8,72.2,205.5,97.59510921,2.162343595,3.3825,51017,3.47,4.9,66.78334217,52015,16300.035,0.109838067,143.602
1/11/2012,7.7,73.7,205.6,97.13269512,1.764133843,3.352,51017,3.5,4.6,66.78334217,52015,16300.035,0.109838067,144.586
1/12/2012,7.9,65.1,206.4,96.87111051,1.741022367,3.345,51017,3.65,4.5,66.78334217,52015,16300.035,0.109838067,145.504
1/1/2013,8,58.6,208.4,97.15758785,1.594864665,3.414,53585,3.8,4,66.55061801,52591,16441.485,0.867789548,146.836
1/2/2013,7.7,69.6,209.1,97.95331137,1.977923517,3.5325,53585,3.9,4.1,66.55061801,52591,16441.485,0.867789548,147.785
1/3/2013,7.5,59.7,209.8,98.20941114,1.473896216,3.565,53585,3.93,4.2,66.55061801,52591,16441.485,0.867789548,149.965
1/4/2013,7.6,68.1,210.7,98.10730876,1.063085386,3.445,53585,3.73,4.4,66.55061801,52724,16464.402,0.13938522,151.521
1/5/2013,7.5,76.2,209.5,98.28197977,1.361965059,3.536,53585,3.89,4.6,66.55061801,52724,16464.402,0.13938522,152.852
1/6/2013,7.5,81.4,208.8,98.51782784,1.75441655,4.07,53585,4.27,4.1,66.55061801,52724,16464.402,0.13938522,154.193
1/7/2013,7.3,80.3,208.3,98.55664362,1.960681616,4.37,53585,4.34,5.5,66.55061801,53281,16594.743,0.791653411,155.602
1/8/2013,7.2,81.5,208.9,98.67520051,1.518367554,4.456,53585,4.54,5.5,66.55061801,53281,16594.743,0.791653411,156.97
1/9/2013,7.2,79.7,208.9,98.78996021,1.184925259,4.49,53585,4.64,5.4,66.55061801,53281,16594.743,0.791653411,158.231
1/10/2013,7.2,71.2,209.3,98.53554808,0.963612703,4.192,53585,4.53,4.9,66.55061801,53866,16712.76,0.711171002,159.243
1/11/2013,6.9,70.4,209.8,98.3342967,1.237072212,4.255,53585,4.63,5,66.55061801,53866,16712.76,0.711171002,160.073
1/12/2013,6.7,78.1,209.8,98.32585848,1.501735618,4.4575,53585,4.62,5.2,66.55061801,53866,16712.76,0.711171002,160.995
1/1/2014,6.6,80.7,211.7,98.69165503,1.578947372,4.432,53657,4.49,5.1,66.31769921,53804,16654.247,-0.350109737,161.944
1/2/2014,6.7,78.1,212.7,99.05660775,1.126349242,4.3025,53657,4.45,5.3,66.31769921,53804,16654.247,-0.350109737,162.529
1/3/2014,6.7,82.3,213.4,99.69453668,1.512202876,4.3425,53657,4.38,5.6,66.31769921,53804,16654.247,-0.350109737,163.091
1/4/2014,6.2,82.3,213.6,100.0232051,1.952857911,4.3375,53657,4.24,5.7,66.31769921,54703,16868.109,1.284128907,163.399
1/5/2014,6.3,83,214.3,100.3725471,2.127111537,4.192,53657,4.16,5.2,66.31769921,54703,16868.109,1.284128907,163.666
1/6/2014,6.1,85.2,214.5,100.5594535,2.072341326,4.1625,53657,4.25,5.7,66.31769921,54703,16868.109,1.284128907,164.042
1/7/2014,6.2,90.9,214.8,100.5202158,1.992328582,4.13,53657,4.16,6.2,66.31769921,55462,17064.616,1.164961644,164.573
1/8/2014,6.1,92.4,215.5,100.3522954,1.699611332,4.115,53657,4.08,5.4,66.31769921,55462,17064.616,1.164961644,165.221
1/9/2014,5.9,86,215.7,100.4278174,1.657918666,4.1625,53657,4.11,5.4,66.31769921,55462,17064.616,1.164961644,165.91
1/10/2014,5.7,94.5,215.9,100.1755148,1.664340182,4.036,53657,3.92,5.3,66.31769921,55683,17141.235,0.448993402,166.646
1/11/2014,5.8,88.7,215.8,99.63462536,1.322355174,3.9975,53657,3.92,5.7,66.31769921,55683,17141.235,0.448993402,167.338
1/12/2014,5.6,92.6,215.5,99.06968698,0.756493268,3.864,53657,3.79,5.1,66.31769921,55683,17141.235,0.448993402,168.057
1/1/2015,5.7,102.9,215.8,98.6034757,-0.089348314,3.67,56516,3.46,4.8,66.11387763,56018,17280.647,0.813313626,168.66
1/2/2015,5.5,96.4,215.3,99.03171502,-0.025129803,3.71,56516,3.61,4.5,66.11387763,56018,17280.647,0.813313626,169.138
1/3/2015,5.4,101.3,215,99.62112422,-0.073637395,3.77,56516,3.64,5.1,66.11387763,56018,17280.647,0.813313626,169.811
1/4/2015,5.4,95.2,214.5,99.82364134,-0.199517462,3.672,56516,3.52,4.9,66.11387763,56547,17380.875,0.580001432,170.31
1/5/2015,5.6,95.4,213.7,100.3324656,-0.039932732,3.84,56516,3.98,5,66.11387763,56547,17380.875,0.580001432,170.893
1/6/2015,5.3,101.4,213.7,100.6839172,0.123771257,3.9825,56516,4.19,5.4,66.11387763,56547,17380.875,0.580001432,171.437
1/7/2015,5.2,90.9,213.7,100.6906678,0.169569871,4.046,56516,4.15,5.2,66.11387763,56779,17437.08,0.323372673,172.124
1/8/2015,5.1,101.5,213.3,100.548062,0.195079344,3.905,56516,4.04,5,66.11387763,56779,17437.08,0.323372673,172.946
1/9/2015,5,103,212.5,100.3915331,-0.036129731,3.89,56516,4.07,5.9,66.11387763,56779,17437.08,0.323372673,173.838
1/10/2015,5,97.6,212.4,100.3463887,0.170574516,3.796,56516,3.95,5.6,66.11387763,56736,17462.579,0.146234347,174.801
1/11/2015,5.1,90.4,211.7,100.1345895,0.501797581,3.9425,56516,4.06,5.5,66.11387763,56736,17462.579,0.146234347,175.748
1/12/2015,5,96.5,210.9,99.79241995,0.729519788,3.964,56516,3.97,5.1,66.11387763,56736,17462.579,0.146234347,176.556
1/1/2016,4.8,98.1,211.4,99.95738702,1.373086811,3.8725,59039,4,5.6,65.88071495,56923,17565.465,0.589179869,177.298
1/2/2016,4.9,92.2,211.3,100.0396596,1.017799782,3.66,59039,3.96,5.5,65.88071495,56923,17565.465,0.589179869,177.662
1/3/2016,5,96.2,211.6,100.4704304,0.852536233,3.694,59039,3.82,5.5,65.88071495,56923,17565.465,0.589179869,178.186
1/4/2016,5.1,94.2,212.7,100.9467675,1.12511039,3.605,59039,3.62,5,65.88071495,57396,17618.581,0.302388807,178.791
1/5/2016,4.8,92.6,213.7,101.3551771,1.019322603,3.6,59039,3.65,5.1,65.88071495,57396,17618.581,0.302388807,179.453
1/6/2016,4.9,98,214.6,101.6880646,0.997326512,3.568,59039,3.5,5.3,65.88071495,57396,17618.581,0.302388807,180.054
1/7/2016,4.8,97.3,215.3,101.5235194,0.827138819,3.44,59039,3.28,4.5,65.88071495,57784,17724.489,0.601115379,180.838
1/8/2016,4.9,101.1,216,101.6167617,1.062874489,3.435,59039,3.32,5,65.88071495,57784,17724.489,0.601115379,181.867
1/9/2016,5,104.1,215.3,101.8610479,1.463783603,3.46,59039,3.41,5.2,65.88071495,57784,17724.489,0.601115379,182.835
1/10/2016,4.9,98.6,214.8,101.9880431,1.635987524,3.47,59039,3.51,5.2,65.88071495,58263,17812.56,0.496888796,183.756
1/11/2016,4.7,107.1,214.5,101.8294046,1.692537123,3.77,59039,3.86,5.2,65.88071495,58263,17812.56,0.496888796,184.749
1/12/2016,4.7,113.7,215.5,101.8627356,2.074622152,4.198,59039,4.06,5.4,65.88071495,58263,17812.56,0.496888796,185.7
1/1/2017,4.7,111.8,217.3,102.4563639,2.500042222,4.15,61136,3.92,5.4,65.62325127,58745,17896.623,0.471931042,186.793
1/2/2017,4.6,114.8,218.8,102.7787036,2.737958137,4.1675,61136,3.95,5.3,65.62325127,58745,17896.623,0.471931042,187.306
1/3/2017,4.4,125.6,219.7,102.8622419,2.380612376,4.196,61136,4.01,5,65.62325127,58745,17896.623,0.471931042,188.017
1/4/2017,4.4,120.3,221,103.1672834,2.19968995,4.045,61136,3.87,5.4,65.62325127,59172,17996.802,0.559764823,188.794
1/5/2017,4.4,117.9,221.7,103.2554627,1.874877687,4.01,61136,3.85,5.1,65.62325127,59172,17996.802,0.559764823,189.701
1/6/2017,4.3,118.9,221.9,103.3491269,1.633487968,3.904,61136,3.68,5.3,65.62325127,59172,17996.802,0.559764823,190.513
1/7/2017,4.3,121.1,221.9,103.277824,1.727978512,3.9675,61136,3.7,5.8,65.62325127,59787,18126.226,0.719149991,191.48
1/8/2017,4.4,122.9,222.4,103.5870845,1.938974208,3.88,61136,3.63,6.1,65.62325127,59787,18126.226,0.719149991,192.708
1/9/2017,4.3,119.8,223.1,104.1355683,2.232963873,3.805,61136,3.63,5.3,65.62325127,59787,18126.226,0.719149991,193.77
1/10/2017,4.2,125.9,223.9,104.0697503,2.041128682,3.895,61136,3.6,5.5,65.62325127,60676,18296.685,0.940399838,194.778
1/11/2017,4.2,129.5,223.9,104.0722817,2.202582946,3.922,61136,3.57,4.8,65.62325127,60676,18296.685,0.940399838,195.881
1/12/2017,4.1,122.1,224.1,104.0111047,2.10908247,3.95,61136,3.51,5.6,65.62325127,60676,18296.685,0.940399838,197.064
1/1/2018,4,125.4,225.8,104.5777307,2.070507599,4.0325,63179,3.55,5.7,65.35474362,61397,18436.262,0.762854036,198.207
1/2/2018,4.1,130.8,228.7,105.0519583,2.21179546,4.33,63179,3.82,5.7,65.35474362,61397,18436.262,0.762854036,199.175
1/3/2018,4,127.7,231.3,105.289494,2.35971145,4.444,63179,3.87,5.3,65.35474362,61397,18436.262,0.762854036,200.01
1/4/2018,4,128.7,232.4,105.7080294,2.462743921,4.4675,63179,3.85,5.5,65.35474362,62377,18590.004,0.833910909,200.822
1/5/2018,3.8,128,236.8,106.1476603,2.801011709,4.586,63179,4,5.4,65.35474362,62377,18590.004,0.833910909,201.634
1/6/2018,4,126.4,239.2,106.3168465,2.87154782,4.57,63179,3.96,5.9,65.35474362,62377,18590.004,0.833910909,202.331
1/7/2018,3.8,127.4,239.6,106.324019,2.949515087,4.5275,63179,3.87,6.2,65.35474362,62786,18679.599,0.481952559,203.003
1/8/2018,3.8,133.4,239.4,106.3830864,2.699180031,4.55,63179,3.88,6.5,65.35474362,62786,18679.599,0.481952559,203.772
1/9/2018,3.7,138.4,240,106.5067063,2.276972257,4.6275,63179,3.98,6.6,65.35474362,62786,18679.599,0.481952559,204.349
1/10/2018,3.8,137.9,238.7,106.6948784,2.522469875,4.83,63179,4.14,7,65.35474362,63162,18721.281,0.223141835,205.03
1/11/2018,3.8,135.7,238.8,106.3375201,2.176601073,4.866,63179,4.22,6.7,65.35474362,63162,18721.281,0.223141835,205.504
1/12/2018,3.9,128.1,238.3,105.997882,1.910158829,4.6375,63179,4.02,7.5,65.35474362,63162,18721.281,0.223141835,205.917
1/1/2019,4,120.2,238.5,106.1999772,1.551235133,4.464,68703,3.93,6.9,65.08089532,63667,18833.195,0.59779029,206.286
1/2/2019,3.8,131.4,238.1,106.6488902,1.520135299,4.37,68703,3.79,6.4,65.08089532,63667,18833.195,0.59779029,206.731
1/3/2019,3.8,124.1,238.1,107.2505348,1.86252277,4.265,68703,3.77,5.8,65.08089532,63667,18833.195,0.59779029,207.137
1/4/2019,3.6,129.2,237.2,107.8184265,1.996439733,4.1425,68703,3.69,5.7,65.08089532,64465,18982.528,0.792924408,207.82
1/5/2019,3.6,134.1,237.3,108.0479459,1.790228437,4.072,68703,3.67,6.5,65.08089532,64465,18982.528,0.792924408,208.531
1/6/2019,3.6,121.5,236.3,108.0694634,1.648484655,3.8025,68703,3.42,5.3,65.08089532,64465,18982.528,0.792924408,208.902
1/7/2019,3.7,135.7,235.6,108.2500411,1.811464727,3.765,68703,3.29,5.8,65.08089532,65023,19112.653,0.685498791,209.491
1/8/2019,3.7,135.1,234.4,108.2445563,1.749779935,3.616,68703,2.98,5.6,65.08089532,65023,19112.653,0.685498791,210.245
1/9/2019,3.5,125.1,234.4,108.3293603,1.711304446,3.605,68703,3.03,5.4,65.08089532,65023,19112.653,0.685498791,210.877
1/10/2019,3.6,125.9,233.8,108.5770219,1.764042968,3.688,68703,3.01,5.4,65.08089532,65501,19202.31,0.469097618,211.611
1/11/2019,3.6,125.5,232.8,108.5187982,2.051277948,3.695,68703,3.06,5.6,65.08089532,65501,19202.31,0.469097618,212.505
1/12/2019,3.6,126.5,232.2,108.4200711,2.285129716,3.72,68703,3.01,5.6,65.08089532,65501,19202.31,0.469097618,213.512
1/1/2020,3.5,131.6,233.4,108.8407161,2.486572003,3.624,67521,2.94,5.5,65.08627785,64794,18951.992,-1.303582746,214.529
1/2/2020,3.5,130.7,234.6,109.1390069,2.334873523,3.465,67521,2.78,5.7,65.08627785,64794,18951.992,-1.303582746,215.623
1/3/2020,4.4,120,236.3,108.9014712,1.539326963,3.45,67521,3.02,6.5,65.08627785,64794,18951.992,-1.303582746,216.516
1/4/2020,14.7,86.9,234.3,108.1732534,0.329096715,3.306,67521,2.43,6.7,65.08627785,58722,17258.205,-8.937250501,217.297
1/5/2020,13.2,86.6,233.3,108.1753629,0.117926351,3.2325,67521,2.5,5.3,65.08627785,58722,17258.205,-8.937250501,217.618
1/6/2020,11,98.1,234.8,108.7673036,0.645733011,3.1625,67521,2.44,3.9,65.08627785,58722,17258.205,-8.937250501,218.08
1/7/2020,10.2,92.6,237,109.3174751,0.986081843,3.016,67521,2.14,3.5,65.08627785,63701,18560.774,7.547534636,219.73
1/8/2020,8.4,84.8,240.9,109.6621761,1.309645352,2.935,67521,2.25,3.3,65.08627785,63701,18560.774,7.547534636,222.612
1/9/2020,7.9,101.8,246.9,109.8149078,1.371324908,2.89,67521,2.31,3.4,65.08627785,63701,18560.774,7.547534636,225.759
1/10/2020,6.9,100.9,246.4,109.8604741,1.182066129,2.834,67521,2.35,3.4,65.08627785,64696,18767.778,1.115276766,229.434
1/11/2020,6.7,96.1,244.3,109.7933903,1.174535768,2.765,67521,2.3,4.1,65.08627785,64696,18767.778,1.115276766,232.768
1/12/2020,6.7,88.6,248,109.8967585,1.362005563,2.684,67521,2.26,4.1,65.08627785,64696,18767.778,1.115276766,235.816
1/1/2021,6.4,89.3,256.4,110.3642355,1.399769732,2.735,,2.45,4,64.92412865,66390,19055.655,1.533889627,238.824
1/2/2021,6.2,91.3,264.6,110.9684115,1.676215179,2.81,,2.7,4.8,64.92412865,66390,19055.655,1.533889627,241.968
1/3/2021,6,109.7,276.7,111.7544311,2.619762496,3.0825,,3.04,4.2,64.92412865,66390,19055.655,1.533889627,245.646
1/4/2021,6,121.7,291.8,112.6729306,4.159694803,3.06,,2.9,4.7,64.92412865,68493,19368.31,1.64074654,249.824
1/5/2021,5.8,117.2,305.9,113.5762414,4.992706616,2.9625,,2.96,5.4,64.92412865,68493,19368.31,1.64074654,254.425
1/6/2021,5.9,127.3,315.7,114.6314399,5.391451388,2.975,,2.79,5.8,64.92412865,68493,19368.31,1.64074654,259.129
1/7/2021,5.4,129.1,313.542,115.1828772,5.365475277,2.868,,2.57,6,64.92412865,69824,19478.893,0.570948111,263.392
1/8/2021,5.2,113.8,313.083,115.4208348,5.251271591,2.8425,,2.55,6.5,64.92412865,69824,19478.893,0.570948111,267.179
1/9/2021,4.7,109.3,317.136,115.7343144,5.390348832,2.9,,2.53,6.1,64.92412865,69824,19478.893,0.570948111,270.212
1/10/2021,4.6,113.8,322.12,116.6958488,6.221868926,3.0675,,2.68,6.9,64.92412865,72171,19806.29,1.680778266,273.192
1/11/2021,4.2,109.5,328.94,117.2692254,6.809002873,3.0675,,2.62,6.2,64.92412865,72171,19806.29,1.680778266,276.537
1/12/2021,3.9,115.8,335.032,117.6295371,7.036402807,3.098,,2.65,5.6,64.92412865,72171,19806.29,1.680778266,280.318
1/1/2022,4,113.8,345.742,118.6193395,7.479872408,3.445,,2.93,5.7,,73289,19727.918,-0.39569248,284.795
1/2/2022,3.8,110.5,343.583,119.7028061,7.87106392,3.7625,,3.25,6,,73289,19727.918,-0.39569248,290.531
1/3/2022,3.6,107.2,345.852,121.3010037,8.542455548,4.172,,3.43,7,,73289,19727.918,-0.39569248,296.645
1/4/2022,3.6,107.3,343.73,121.9781703,8.258629336,4.9825,,3.76,8.4,,74737,19699.465,-0.14422708,301.517
1/5/2022,3.6,106.4,352.857,123.3227996,8.581511485,5.23,,4.13,8.4,,74737,19699.465,-0.14422708,305.293
